ho_ten,ngay,thoi_gian,diem_tin_cay
Tran_Duc_Co,2026-05-13,14:28:32,0.8805
Dang_Van_Hung,2026-05-13,14:28:34,0.6674
Tran_Thi_Thuy_Linh,2026-05-13,14:31:55,0.5205
Nguyen_Huong_Giang,2026-05-13,14:31:59,0.7614
Tran_Thuy_Duyen,2026-05-13,15:07:17,0.6209
Tran_Minh_Dan,2026-05-13,15:07:24,0.5224
Do_Manh_Huan,2026-05-13,15:07:27,0.5239
Nguyen_Duc_Hieu,2026-05-13,15:07:31,0.7473
Vo_Dinh_Hung,2026-05-13,15:07:45,0.7453
Nguyen_Van_Hieu,2026-05-13,15:07:53,0.5944
Nguyen_Thi_Chinh,2026-05-13,15:13:49,0.5889
Vu_Van_Nam,2026-05-13,15:13:53,0.5721
Nguyen_Gia_Khang,2026-05-13,15:13:55,0.6194
