Cluster,Silhouette,sepal length,sepal width,petal length,petal width
C1 C2 C3,continuous,continuous,continuous,continuous,continuous
meta,meta,,,,
C2,0.700676,5.1,3.5,1.4,0.2
C2,0.665989,4.9,3.0,1.4,0.2
C2,0.690178,4.7,3.2,1.3,0.2
C2,0.677784,4.6,3.1,1.5,0.2
C2,0.699043,5.0,3.6,1.4,0.2
C2,0.672942,5.4,3.9,1.7,0.4
C2,0.693669,4.6,3.4,1.4,0.3
C2,0.700453,5.0,3.4,1.5,0.2
C2,0.645739,4.4,2.9,1.4,0.2
C2,0.681067,4.9,3.1,1.5,0.1
C2,0.687612,5.4,3.7,1.5,0.2
C2,0.698592,4.8,3.4,1.6,0.2
C2,0.668474,4.8,3.0,1.4,0.1
C2,0.66082,4.3,3.0,1.1,0.1
C2,0.659584,5.8,4.0,1.2,0.2
C2,0.635396,5.7,4.4,1.5,0.4
C2,0.675559,5.4,3.9,1.3,0.4
C2,0.699562,5.1,3.5,1.4,0.3
C2,0.667565,5.7,3.8,1.7,0.3
C2,0.688072,5.1,3.8,1.5,0.3
C2,0.68546,5.4,3.4,1.7,0.2
C2,0.69094,5.1,3.7,1.5,0.4
C2,0.692615,4.6,3.6,1.0,0.2
C2,0.680657,5.1,3.3,1.7,0.5
C2,0.6943,4.8,3.4,1.9,0.2
C2,0.660391,5.0,3.0,1.6,0.2
C2,0.694958,5.0,3.4,1.6,0.4
C2,0.698098,5.2,3.5,1.5,0.2
C2,0.69708,5.2,3.4,1.4,0.2
C2,0.688086,4.7,3.2,1.6,0.2
C2,0.679188,4.8,3.1,1.6,0.2
C2,0.682614,5.4,3.4,1.5,0.4
C2,0.668152,5.2,4.1,1.5,0.1
C2,0.656437,5.5,4.2,1.4,0.2
C2,0.681067,4.9,3.1,1.5,0.1
C2,0.689911,5.0,3.2,1.2,0.2
C2,0.686238,5.5,3.5,1.3,0.2
C2,0.681067,4.9,3.1,1.5,0.1
C2,0.661709,4.4,3.0,1.3,0.2
C2,0.699195,5.1,3.4,1.5,0.2
C2,0.700486,5.0,3.5,1.3,0.3
C2,0.525795,4.5,2.3,1.3,0.3
C2,0.681053,4.4,3.2,1.3,0.2
C2,0.685738,5.0,3.5,1.6,0.6
C2,0.681731,5.1,3.8,1.9,0.4
C2,0.663655,4.8,3.0,1.4,0.3
C2,0.688361,5.1,3.8,1.6,0.2
C2,0.687618,4.6,3.2,1.4,0.2
C2,0.690783,5.3,3.7,1.5,0.2
C2,0.696817,5.0,3.3,1.4,0.2
C3,0.605059,7.0,3.2,4.7,1.4
C3,0.553059,6.4,3.2,4.5,1.5
C3,0.609772,6.9,3.1,4.9,1.5
C1,0.658447,5.5,2.3,4.0,1.3
C1,0.542135,6.5,2.8,4.6,1.5
C1,0.657177,5.7,2.8,4.5,1.3
C3,0.573124,6.3,3.3,4.7,1.6
C1,0.623181,4.9,2.4,3.3,1.0
C1,0.511836,6.6,2.9,4.6,1.3
C1,0.658526,5.2,2.7,3.9,1.4
C1,0.62718,5.0,2.0,3.5,1.0
C1,0.604149,5.9,3.0,4.2,1.5
C1,0.639662,6.0,2.2,4.0,1.0
C1,0.601746,6.1,2.9,4.7,1.4
C1,0.646145,5.6,2.9,3.6,1.3
C3,0.559875,6.7,3.1,4.4,1.4
C1,0.618671,5.6,3.0,4.5,1.5
C1,0.659815,5.8,2.7,4.1,1.0
C1,0.622134,6.2,2.2,4.5,1.5
C1,0.667873,5.6,2.5,3.9,1.1
C3,0.512357,5.9,3.2,4.8,1.8
C1,0.636749,6.1,2.8,4.0,1.3
C1,0.611986,6.3,2.5,4.9,1.5
C1,0.628113,6.1,2.8,4.7,1.2
C1,0.568457,6.4,2.9,4.3,1.3
C3,0.516608,6.6,3.0,4.4,1.4
C3,0.512713,6.8,2.8,4.8,1.4
C3,0.605004,6.7,3.0,5.0,1.7
C1,0.613821,6.0,2.9,4.5,1.5
C1,0.661478,5.7,2.6,3.5,1.0
C1,0.664055,5.5,2.4,3.8,1.1
C1,0.661721,5.5,2.4,3.7,1.0
C1,0.6645,5.8,2.7,3.9,1.2
C1,0.61851,6.0,2.7,5.1,1.6
C1,0.622145,5.4,3.0,4.5,1.5
C3,0.535586,6.0,3.4,4.5,1.6
C3,0.58706,6.7,3.1,4.7,1.5
C1,0.626172,6.3,2.3,4.4,1.3
C1,0.631692,5.6,3.0,4.1,1.3
C1,0.66875,5.5,2.5,4.0,1.3
C1,0.668247,5.5,2.6,4.4,1.2
C1,0.574852,6.1,3.0,4.6,1.4
C1,0.667272,5.8,2.6,4.0,1.2
C1,0.631071,5.0,2.3,3.3,1.0
C1,0.668171,5.6,2.7,4.2,1.3
C1,0.629063,5.7,3.0,4.2,1.2
C1,0.647436,5.7,2.9,4.2,1.3
C1,0.603937,6.2,2.9,4.3,1.3
C1,0.629493,5.1,2.5,3.0,1.1
C1,0.660642,5.7,2.8,4.1,1.3
C3,0.627911,6.3,3.3,6.0,2.5
C1,0.605492,5.8,2.7,5.1,1.9
C3,0.653081,7.1,3.0,5.9,2.1
C3,0.547712,6.3,2.9,5.6,1.8
C3,0.631585,6.5,3.0,5.8,2.2
C3,0.640368,7.6,3.0,6.6,2.1
C1,0.639931,4.9,2.5,4.5,1.7
C3,0.632785,7.3,2.9,6.3,1.8
C3,0.504437,6.7,2.5,5.8,1.8
C3,0.63884,7.2,3.6,6.1,2.5
C3,0.633685,6.5,3.2,5.1,2.0
C3,0.49593,6.4,2.7,5.3,1.9
C3,0.647876,6.8,3.0,5.5,2.1
C1,0.615736,5.7,2.5,5.0,2.0
C1,0.518725,5.8,2.8,5.1,2.4
C3,0.633486,6.4,3.2,5.3,2.3
C3,0.607703,6.5,3.0,5.5,1.8
C3,0.624126,7.7,3.8,6.7,2.2
C3,0.601362,7.7,2.6,6.9,2.3
C1,0.625578,6.0,2.2,5.0,1.5
C3,0.659997,6.9,3.2,5.7,2.3
C1,0.598039,5.6,2.8,4.9,2.0
C3,0.62117,7.7,2.8,6.7,2.0
C1,0.556318,6.3,2.7,4.9,1.8
C3,0.654062,6.7,3.3,5.7,2.1
C3,0.651236,7.2,3.2,6.0,1.8
C1,0.555137,6.2,2.8,4.8,1.8
C3,0.492411,6.1,3.0,4.9,1.8
C3,0.569253,6.4,2.8,5.6,2.1
C3,0.630984,7.2,3.0,5.8,1.6
C3,0.624401,7.4,2.8,6.1,1.9
C3,0.620707,7.9,3.8,6.4,2.0
C3,0.575396,6.4,2.8,5.6,2.2
C1,0.561494,6.3,2.8,5.1,1.5
C1,0.605896,6.1,2.6,5.6,1.4
C3,0.639503,7.7,3.0,6.1,2.3
C3,0.627305,6.3,3.4,5.6,2.4
C3,0.610427,6.4,3.1,5.5,1.8
C1,0.526926,6.0,3.0,4.8,1.8
C3,0.657141,6.9,3.1,5.4,2.1
C3,0.649764,6.7,3.1,5.6,2.4
C3,0.650471,6.9,3.1,5.1,2.3
C1,0.605492,5.8,2.7,5.1,1.9
C3,0.658338,6.8,3.2,5.9,2.3
C3,0.648739,6.7,3.3,5.7,2.5
C3,0.637754,6.7,3.0,5.2,2.3
C1,0.572464,6.3,2.5,5.0,1.9
C3,0.615891,6.5,3.0,5.2,2.0
C3,0.617706,6.2,3.4,5.4,2.3
C1,0.530689,5.9,3.0,5.1,1.8
